{
    "model": {
        "type": "range_dispatch",
        "property": "custom_model_data",
        "fallback": {
            "type": "model",
            "model": "item/apple"
        },
        "entries": [
            {
                "threshold": 30001,
                "model": {
                    "type": "model",
                    "model": "auto_generated/7up"
                }
            },
            {
                "threshold": 30002,
                "model": {
                    "type": "model",
                    "model": "auto_generated/7up_2"
                }
            },
            {
                "threshold": 30003,
                "model": {
                    "type": "model",
                    "model": "auto_generated/acorn"
                }
            },
            {
                "threshold": 30004,
                "model": {
                    "type": "model",
                    "model": "auto_generated/american_cheese_p"
                }
            },
            {
                "threshold": 30005,
                "model": {
                    "type": "model",
                    "model": "auto_generated/apple"
                }
            },
            {
                "threshold": 30006,
                "model": {
                    "type": "model",
                    "model": "auto_generated/apple2"
                }
            },
            {
                "threshold": 30007,
                "model": {
                    "type": "model",
                    "model": "auto_generated/apple_dessert"
                }
            },
            {
                "threshold": 30008,
                "model": {
                    "type": "model",
                    "model": "auto_generated/apple_ice_cream"
                }
            },
            {
                "threshold": 30009,
                "model": {
                    "type": "model",
                    "model": "auto_generated/apple_with_worms"
                }
            },
            {
                "threshold": 30010,
                "model": {
                    "type": "model",
                    "model": "auto_generated/arbejas"
                }
            },
            {
                "threshold": 30011,
                "model": {
                    "type": "model",
                    "model": "auto_generated/argentinian_empanada"
                }
            },
            {
                "threshold": 30012,
                "model": {
                    "type": "model",
                    "model": "auto_generated/avocado"
                }
            },
            {
                "threshold": 30013,
                "model": {
                    "type": "model",
                    "model": "auto_generated/avocado_dessert"
                }
            },
            {
                "threshold": 30014,
                "model": {
                    "type": "model",
                    "model": "auto_generated/bacon"
                }
            },
            {
                "threshold": 30015,
                "model": {
                    "type": "model",
                    "model": "auto_generated/baked_pizza"
                }
            },
            {
                "threshold": 30016,
                "model": {
                    "type": "model",
                    "model": "auto_generated/baked_potato"
                }
            },
            {
                "threshold": 30017,
                "model": {
                    "type": "model",
                    "model": "auto_generated/baked_potatoes"
                }
            },
            {
                "threshold": 30018,
                "model": {
                    "type": "model",
                    "model": "auto_generated/baking_powder"
                }
            },
            {
                "threshold": 30019,
                "model": {
                    "type": "model",
                    "model": "auto_generated/banana"
                }
            },
            {
                "threshold": 30020,
                "model": {
                    "type": "model",
                    "model": "auto_generated/banana2"
                }
            },
            {
                "threshold": 30021,
                "model": {
                    "type": "model",
                    "model": "auto_generated/bananas"
                }
            },
            {
                "threshold": 30022,
                "model": {
                    "type": "model",
                    "model": "auto_generated/banana_and_chocolate_dessert"
                }
            },
            {
                "threshold": 30023,
                "model": {
                    "type": "model",
                    "model": "auto_generated/banana_smoothie"
                }
            },
            {
                "threshold": 30024,
                "model": {
                    "type": "model",
                    "model": "auto_generated/barbeque_sauce"
                }
            },
            {
                "threshold": 30025,
                "model": {
                    "type": "model",
                    "model": "auto_generated/beacon"
                }
            },
            {
                "threshold": 30026,
                "model": {
                    "type": "model",
                    "model": "auto_generated/beans"
                }
            },
            {
                "threshold": 30027,
                "model": {
                    "type": "model",
                    "model": "auto_generated/beer"
                }
            },
            {
                "threshold": 30028,
                "model": {
                    "type": "model",
                    "model": "auto_generated/beetroot"
                }
            },
            {
                "threshold": 30029,
                "model": {
                    "type": "model",
                    "model": "auto_generated/bell_pepper"
                }
            },
            {
                "threshold": 30030,
                "model": {
                    "type": "model",
                    "model": "auto_generated/bell_pepper_p"
                }
            },
            {
                "threshold": 30031,
                "model": {
                    "type": "model",
                    "model": "auto_generated/berry"
                }
            },
            {
                "threshold": 30032,
                "model": {
                    "type": "model",
                    "model": "auto_generated/birthday_cake"
                }
            },
            {
                "threshold": 30033,
                "model": {
                    "type": "model",
                    "model": "auto_generated/blue_berries"
                }
            },
            {
                "threshold": 30034,
                "model": {
                    "type": "model",
                    "model": "auto_generated/bread"
                }
            },
            {
                "threshold": 30035,
                "model": {
                    "type": "model",
                    "model": "auto_generated/bread_slices"
                }
            },
            {
                "threshold": 30036,
                "model": {
                    "type": "model",
                    "model": "auto_generated/brocoli"
                }
            },
            {
                "threshold": 30037,
                "model": {
                    "type": "model",
                    "model": "auto_generated/bubble_gum"
                }
            },
            {
                "threshold": 30038,
                "model": {
                    "type": "model",
                    "model": "auto_generated/bunch_of_herbs"
                }
            },
            {
                "threshold": 30039,
                "model": {
                    "type": "model",
                    "model": "auto_generated/burger"
                }
            },
            {
                "threshold": 30040,
                "model": {
                    "type": "model",
                    "model": "auto_generated/burrito"
                }
            },
            {
                "threshold": 30041,
                "model": {
                    "type": "model",
                    "model": "auto_generated/burritos"
                }
            },
            {
                "threshold": 30042,
                "model": {
                    "type": "model",
                    "model": "auto_generated/butter"
                }
            },
            {
                "threshold": 30043,
                "model": {
                    "type": "model",
                    "model": "auto_generated/butter2"
                }
            },
            {
                "threshold": 30044,
                "model": {
                    "type": "model",
                    "model": "auto_generated/cabagge"
                }
            },
            {
                "threshold": 30045,
                "model": {
                    "type": "model",
                    "model": "auto_generated/cabbage"
                }
            },
            {
                "threshold": 30046,
                "model": {
                    "type": "model",
                    "model": "auto_generated/cabbage_p"
                }
            },
            {
                "threshold": 30047,
                "model": {
                    "type": "model",
                    "model": "auto_generated/caipirinha"
                }
            },
            {
                "threshold": 30048,
                "model": {
                    "type": "model",
                    "model": "auto_generated/cake2"
                }
            },
            {
                "threshold": 30049,
                "model": {
                    "type": "model",
                    "model": "auto_generated/cake_with_chocolate"
                }
            },
            {
                "threshold": 30050,
                "model": {
                    "type": "model",
                    "model": "auto_generated/cake_with_cream"
                }
            },
            {
                "threshold": 30051,
                "model": {
                    "type": "model",
                    "model": "auto_generated/came"
                }
            },
            {
                "threshold": 30052,
                "model": {
                    "type": "model",
                    "model": "auto_generated/candy"
                }
            },
            {
                "threshold": 30053,
                "model": {
                    "type": "model",
                    "model": "auto_generated/candy_bar"
                }
            },
            {
                "threshold": 30054,
                "model": {
                    "type": "model",
                    "model": "auto_generated/carrot"
                }
            },
            {
                "threshold": 30055,
                "model": {
                    "type": "model",
                    "model": "auto_generated/caviar"
                }
            },
            {
                "threshold": 30056,
                "model": {
                    "type": "model",
                    "model": "auto_generated/cereal1"
                }
            },
            {
                "threshold": 30057,
                "model": {
                    "type": "model",
                    "model": "auto_generated/cereal2"
                }
            },
            {
                "threshold": 30058,
                "model": {
                    "type": "model",
                    "model": "auto_generated/cereal_bar"
                }
            },
            {
                "threshold": 30059,
                "model": {
                    "type": "model",
                    "model": "auto_generated/cheese"
                }
            },
            {
                "threshold": 30060,
                "model": {
                    "type": "model",
                    "model": "auto_generated/cheesecake"
                }
            },
            {
                "threshold": 30061,
                "model": {
                    "type": "model",
                    "model": "auto_generated/cheese_pizza"
                }
            },
            {
                "threshold": 30062,
                "model": {
                    "type": "model",
                    "model": "auto_generated/cheese_salad"
                }
            },
            {
                "threshold": 30063,
                "model": {
                    "type": "model",
                    "model": "auto_generated/cheese_sandwich"
                }
            },
            {
                "threshold": 30064,
                "model": {
                    "type": "model",
                    "model": "auto_generated/cheesse"
                }
            },
            {
                "threshold": 30065,
                "model": {
                    "type": "model",
                    "model": "auto_generated/cherry"
                }
            },
            {
                "threshold": 30066,
                "model": {
                    "type": "model",
                    "model": "auto_generated/cherrys"
                }
            },
            {
                "threshold": 30067,
                "model": {
                    "type": "model",
                    "model": "auto_generated/cherry_2"
                }
            },
            {
                "threshold": 30068,
                "model": {
                    "type": "model",
                    "model": "auto_generated/cherry_cake"
                }
            },
            {
                "threshold": 30069,
                "model": {
                    "type": "model",
                    "model": "auto_generated/cherry_dessert"
                }
            },
            {
                "threshold": 30070,
                "model": {
                    "type": "model",
                    "model": "auto_generated/cherry_dessert_2"
                }
            },
            {
                "threshold": 30071,
                "model": {
                    "type": "model",
                    "model": "auto_generated/cherry_smoothie"
                }
            },
            {
                "threshold": 30072,
                "model": {
                    "type": "model",
                    "model": "auto_generated/chetos"
                }
            },
            {
                "threshold": 30073,
                "model": {
                    "type": "model",
                    "model": "auto_generated/chewing_gum"
                }
            },
            {
                "threshold": 30075,
                "model": {
                    "type": "model",
                    "model": "auto_generated/chicken"
                }
            },
            {
                "threshold": 30076,
                "model": {
                    "type": "model",
                    "model": "auto_generated/chicken3"
                }
            },
            {
                "threshold": 30077,
                "model": {
                    "type": "model",
                    "model": "auto_generated/chicken_breast"
                }
            },
            {
                "threshold": 30078,
                "model": {
                    "type": "model",
                    "model": "auto_generated/chicken_foot"
                }
            },
            {
                "threshold": 30079,
                "model": {
                    "type": "model",
                    "model": "auto_generated/chicken_sausages"
                }
            },
            {
                "threshold": 30080,
                "model": {
                    "type": "model",
                    "model": "auto_generated/chinese_pizza"
                }
            },
            {
                "threshold": 30081,
                "model": {
                    "type": "model",
                    "model": "auto_generated/chips"
                }
            },
            {
                "threshold": 30082,
                "model": {
                    "type": "model",
                    "model": "auto_generated/chives"
                }
            },
            {
                "threshold": 30083,
                "model": {
                    "type": "model",
                    "model": "auto_generated/chocolate"
                }
            },
            {
                "threshold": 30084,
                "model": {
                    "type": "model",
                    "model": "auto_generated/chocolate_bar"
                }
            },
            {
                "threshold": 30085,
                "model": {
                    "type": "model",
                    "model": "auto_generated/chocolate_cake"
                }
            },
            {
                "threshold": 30086,
                "model": {
                    "type": "model",
                    "model": "auto_generated/chocolate_cake2"
                }
            },
            {
                "threshold": 30087,
                "model": {
                    "type": "model",
                    "model": "auto_generated/chocolate_coffe"
                }
            },
            {
                "threshold": 30088,
                "model": {
                    "type": "model",
                    "model": "auto_generated/chocolate_dessert2"
                }
            },
            {
                "threshold": 30089,
                "model": {
                    "type": "model",
                    "model": "auto_generated/chocolate_dessert3"
                }
            },
            {
                "threshold": 30090,
                "model": {
                    "type": "model",
                    "model": "auto_generated/chocolate_donut"
                }
            },
            {
                "threshold": 30091,
                "model": {
                    "type": "model",
                    "model": "auto_generated/cocacola"
                }
            },
            {
                "threshold": 30092,
                "model": {
                    "type": "model",
                    "model": "auto_generated/cocacola_2"
                }
            },
            {
                "threshold": 30093,
                "model": {
                    "type": "model",
                    "model": "auto_generated/cocacola_3"
                }
            },
            {
                "threshold": 30094,
                "model": {
                    "type": "model",
                    "model": "auto_generated/coca_cola"
                }
            },
            {
                "threshold": 30095,
                "model": {
                    "type": "model",
                    "model": "auto_generated/cochlo"
                }
            },
            {
                "threshold": 30096,
                "model": {
                    "type": "model",
                    "model": "auto_generated/coconut"
                }
            },
            {
                "threshold": 30097,
                "model": {
                    "type": "model",
                    "model": "auto_generated/coffee_bag"
                }
            },
            {
                "threshold": 30098,
                "model": {
                    "type": "model",
                    "model": "auto_generated/cold_coffe"
                }
            },
            {
                "threshold": 30099,
                "model": {
                    "type": "model",
                    "model": "auto_generated/cookie"
                }
            },
            {
                "threshold": 30101,
                "model": {
                    "type": "model",
                    "model": "auto_generated/cookies"
                }
            },
            {
                "threshold": 30102,
                "model": {
                    "type": "model",
                    "model": "auto_generated/cookies_2"
                }
            },
            {
                "threshold": 30100,
                "model": {
                    "type": "model",
                    "model": "auto_generated/cookies_3"
                }
            },
            {
                "threshold": 30103,
                "model": {
                    "type": "model",
                    "model": "auto_generated/cooking_oil"
                }
            },
            {
                "threshold": 30104,
                "model": {
                    "type": "model",
                    "model": "auto_generated/cow_foot"
                }
            },
            {
                "threshold": 30105,
                "model": {
                    "type": "model",
                    "model": "auto_generated/cow_meat"
                }
            },
            {
                "threshold": 30106,
                "model": {
                    "type": "model",
                    "model": "auto_generated/crab"
                }
            },
            {
                "threshold": 30107,
                "model": {
                    "type": "model",
                    "model": "auto_generated/crab_legs"
                }
            },
            {
                "threshold": 30108,
                "model": {
                    "type": "model",
                    "model": "auto_generated/cucumber"
                }
            },
            {
                "threshold": 30109,
                "model": {
                    "type": "model",
                    "model": "auto_generated/cucumber_smoothie"
                }
            },
            {
                "threshold": 30110,
                "model": {
                    "type": "model",
                    "model": "auto_generated/daikiri"
                }
            },
            {
                "threshold": 30111,
                "model": {
                    "type": "model",
                    "model": "auto_generated/daikiri2"
                }
            },
            {
                "threshold": 30112,
                "model": {
                    "type": "model",
                    "model": "auto_generated/default_burger"
                }
            },
            {
                "threshold": 30113,
                "model": {
                    "type": "model",
                    "model": "auto_generated/default_burrito"
                }
            },
            {
                "threshold": 30114,
                "model": {
                    "type": "model",
                    "model": "auto_generated/default_cake"
                }
            },
            {
                "threshold": 30115,
                "model": {
                    "type": "model",
                    "model": "auto_generated/default_dessert"
                }
            },
            {
                "threshold": 30116,
                "model": {
                    "type": "model",
                    "model": "auto_generated/default_hotdog"
                }
            },
            {
                "threshold": 30117,
                "model": {
                    "type": "model",
                    "model": "auto_generated/default_icecream"
                }
            },
            {
                "threshold": 30118,
                "model": {
                    "type": "model",
                    "model": "auto_generated/default_sandwich"
                }
            },
            {
                "threshold": 30119,
                "model": {
                    "type": "model",
                    "model": "auto_generated/default_sausage"
                }
            },
            {
                "threshold": 30120,
                "model": {
                    "type": "model",
                    "model": "auto_generated/default_tomato"
                }
            },
            {
                "threshold": 30121,
                "model": {
                    "type": "model",
                    "model": "auto_generated/default_watermelon"
                }
            },
            {
                "threshold": 30122,
                "model": {
                    "type": "model",
                    "model": "auto_generated/donut"
                }
            },
            {
                "threshold": 30123,
                "model": {
                    "type": "model",
                    "model": "auto_generated/donuts"
                }
            },
            {
                "threshold": 30124,
                "model": {
                    "type": "model",
                    "model": "auto_generated/edible_flower"
                }
            },
            {
                "threshold": 30125,
                "model": {
                    "type": "model",
                    "model": "auto_generated/egg"
                }
            },
            {
                "threshold": 30126,
                "model": {
                    "type": "model",
                    "model": "auto_generated/eggplant"
                }
            },
            {
                "threshold": 30127,
                "model": {
                    "type": "model",
                    "model": "auto_generated/egg_box"
                }
            },
            {
                "threshold": 30128,
                "model": {
                    "type": "model",
                    "model": "auto_generated/egg_brown"
                }
            },
            {
                "threshold": 30129,
                "model": {
                    "type": "model",
                    "model": "auto_generated/egg_white"
                }
            },
            {
                "threshold": 30130,
                "model": {
                    "type": "model",
                    "model": "auto_generated/empanada"
                }
            },
            {
                "threshold": 30131,
                "model": {
                    "type": "model",
                    "model": "auto_generated/empanadas"
                }
            },
            {
                "threshold": 30132,
                "model": {
                    "type": "model",
                    "model": "auto_generated/energy_bar"
                }
            },
            {
                "threshold": 30133,
                "model": {
                    "type": "model",
                    "model": "auto_generated/english_beer"
                }
            },
            {
                "threshold": 30134,
                "model": {
                    "type": "model",
                    "model": "auto_generated/especial_pizza"
                }
            },
            {
                "threshold": 30135,
                "model": {
                    "type": "model",
                    "model": "auto_generated/fish"
                }
            },
            {
                "threshold": 30136,
                "model": {
                    "type": "model",
                    "model": "auto_generated/fish_p"
                }
            },
            {
                "threshold": 30137,
                "model": {
                    "type": "model",
                    "model": "auto_generated/fish_tail"
                }
            },
            {
                "threshold": 30138,
                "model": {
                    "type": "model",
                    "model": "auto_generated/flan"
                }
            },
            {
                "threshold": 30139,
                "model": {
                    "type": "model",
                    "model": "auto_generated/flour"
                }
            },
            {
                "threshold": 30140,
                "model": {
                    "type": "model",
                    "model": "auto_generated/frappe"
                }
            },
            {
                "threshold": 30142,
                "model": {
                    "type": "model",
                    "model": "auto_generated/fried_burger"
                }
            },
            {
                "threshold": 30141,
                "model": {
                    "type": "model",
                    "model": "auto_generated/fried_egg"
                }
            },
            {
                "threshold": 30143,
                "model": {
                    "type": "model",
                    "model": "auto_generated/fried_rice"
                }
            },
            {
                "threshold": 30144,
                "model": {
                    "type": "model",
                    "model": "auto_generated/frie_eggs"
                }
            },
            {
                "threshold": 30145,
                "model": {
                    "type": "model",
                    "model": "auto_generated/fruit_cocktail_can"
                }
            },
            {
                "threshold": 30146,
                "model": {
                    "type": "model",
                    "model": "auto_generated/fungus"
                }
            },
            {
                "threshold": 30147,
                "model": {
                    "type": "model",
                    "model": "auto_generated/galletitas"
                }
            },
            {
                "threshold": 30148,
                "model": {
                    "type": "model",
                    "model": "auto_generated/garlic"
                }
            },
            {
                "threshold": 30149,
                "model": {
                    "type": "model",
                    "model": "auto_generated/glass_of_milk"
                }
            },
            {
                "threshold": 30150,
                "model": {
                    "type": "model",
                    "model": "auto_generated/grape"
                }
            },
            {
                "threshold": 30151,
                "model": {
                    "type": "model",
                    "model": "auto_generated/grape_juice"
                }
            },
            {
                "threshold": 30152,
                "model": {
                    "type": "model",
                    "model": "auto_generated/grape_soda"
                }
            },
            {
                "threshold": 30153,
                "model": {
                    "type": "model",
                    "model": "auto_generated/green_apple"
                }
            },
            {
                "threshold": 30154,
                "model": {
                    "type": "model",
                    "model": "auto_generated/green_apple_p"
                }
            },
            {
                "threshold": 30155,
                "model": {
                    "type": "model",
                    "model": "auto_generated/green_cherry"
                }
            },
            {
                "threshold": 30156,
                "model": {
                    "type": "model",
                    "model": "auto_generated/green_fruits"
                }
            },
            {
                "threshold": 30157,
                "model": {
                    "type": "model",
                    "model": "auto_generated/green_grape"
                }
            },
            {
                "threshold": 30158,
                "model": {
                    "type": "model",
                    "model": "auto_generated/green_grape_p"
                }
            },
            {
                "threshold": 30159,
                "model": {
                    "type": "model",
                    "model": "auto_generated/green_pepper"
                }
            },
            {
                "threshold": 30160,
                "model": {
                    "type": "model",
                    "model": "auto_generated/green_smoothie"
                }
            },
            {
                "threshold": 30161,
                "model": {
                    "type": "model",
                    "model": "auto_generated/gum"
                }
            },
            {
                "threshold": 30162,
                "model": {
                    "type": "model",
                    "model": "auto_generated/half_apple"
                }
            },
            {
                "threshold": 30163,
                "model": {
                    "type": "model",
                    "model": "auto_generated/ham"
                }
            },
            {
                "threshold": 30164,
                "model": {
                    "type": "model",
                    "model": "auto_generated/hamburger"
                }
            },
            {
                "threshold": 30165,
                "model": {
                    "type": "model",
                    "model": "auto_generated/homemade_bread"
                }
            },
            {
                "threshold": 30166,
                "model": {
                    "type": "model",
                    "model": "auto_generated/homer_donut"
                }
            },
            {
                "threshold": 30167,
                "model": {
                    "type": "model",
                    "model": "auto_generated/honey"
                }
            },
            {
                "threshold": 30168,
                "model": {
                    "type": "model",
                    "model": "auto_generated/hotdog"
                }
            },
            {
                "threshold": 30169,
                "model": {
                    "type": "model",
                    "model": "auto_generated/hotdog2"
                }
            },
            {
                "threshold": 30170,
                "model": {
                    "type": "model",
                    "model": "auto_generated/hot_cocoa_mix"
                }
            },
            {
                "threshold": 30171,
                "model": {
                    "type": "model",
                    "model": "auto_generated/hot_milk"
                }
            },
            {
                "threshold": 30172,
                "model": {
                    "type": "model",
                    "model": "auto_generated/icecream"
                }
            },
            {
                "threshold": 30173,
                "model": {
                    "type": "model",
                    "model": "auto_generated/iced_tea"
                }
            },
            {
                "threshold": 30174,
                "model": {
                    "type": "model",
                    "model": "auto_generated/ice_cream_with_cream_and_stawberry"
                }
            },
            {
                "threshold": 30175,
                "model": {
                    "type": "model",
                    "model": "auto_generated/italian_beer"
                }
            },
            {
                "threshold": 30176,
                "model": {
                    "type": "model",
                    "model": "auto_generated/jam"
                }
            },
            {
                "threshold": 30177,
                "model": {
                    "type": "model",
                    "model": "auto_generated/jam_strawberry"
                }
            },
            {
                "threshold": 30178,
                "model": {
                    "type": "model",
                    "model": "auto_generated/java"
                }
            },
            {
                "threshold": 30179,
                "model": {
                    "type": "model",
                    "model": "auto_generated/jugo"
                }
            },
            {
                "threshold": 30180,
                "model": {
                    "type": "model",
                    "model": "auto_generated/juice_bottle"
                }
            },
            {
                "threshold": 30181,
                "model": {
                    "type": "model",
                    "model": "auto_generated/ketchup"
                }
            },
            {
                "threshold": 30182,
                "model": {
                    "type": "model",
                    "model": "auto_generated/kiwi"
                }
            },
            {
                "threshold": 30183,
                "model": {
                    "type": "model",
                    "model": "auto_generated/large_chicken"
                }
            },
            {
                "threshold": 30184,
                "model": {
                    "type": "model",
                    "model": "auto_generated/lata"
                }
            },
            {
                "threshold": 30185,
                "model": {
                    "type": "model",
                    "model": "auto_generated/lata_atun"
                }
            },
            {
                "threshold": 30186,
                "model": {
                    "type": "model",
                    "model": "auto_generated/latte"
                }
            },
            {
                "threshold": 30187,
                "model": {
                    "type": "model",
                    "model": "auto_generated/laurel"
                }
            },
            {
                "threshold": 30188,
                "model": {
                    "type": "model",
                    "model": "auto_generated/lavandina"
                }
            },
            {
                "threshold": 30189,
                "model": {
                    "type": "model",
                    "model": "auto_generated/leche"
                }
            },
            {
                "threshold": 30191,
                "model": {
                    "type": "model",
                    "model": "auto_generated/lemon"
                }
            },
            {
                "threshold": 30190,
                "model": {
                    "type": "model",
                    "model": "auto_generated/lemon_dessert"
                }
            },
            {
                "threshold": 30192,
                "model": {
                    "type": "model",
                    "model": "auto_generated/lemon_pie"
                }
            },
            {
                "threshold": 30193,
                "model": {
                    "type": "model",
                    "model": "auto_generated/lemon_shot"
                }
            },
            {
                "threshold": 30194,
                "model": {
                    "type": "model",
                    "model": "auto_generated/lemon_shot2"
                }
            },
            {
                "threshold": 30195,
                "model": {
                    "type": "model",
                    "model": "auto_generated/lobster"
                }
            },
            {
                "threshold": 30196,
                "model": {
                    "type": "model",
                    "model": "auto_generated/mani"
                }
            },
            {
                "threshold": 30197,
                "model": {
                    "type": "model",
                    "model": "auto_generated/marshmallows"
                }
            },
            {
                "threshold": 30198,
                "model": {
                    "type": "model",
                    "model": "auto_generated/mayonesa"
                }
            },
            {
                "threshold": 30199,
                "model": {
                    "type": "model",
                    "model": "auto_generated/meat"
                }
            },
            {
                "threshold": 30200,
                "model": {
                    "type": "model",
                    "model": "auto_generated/meat1"
                }
            },
            {
                "threshold": 30201,
                "model": {
                    "type": "model",
                    "model": "auto_generated/meat2"
                }
            },
            {
                "threshold": 30202,
                "model": {
                    "type": "model",
                    "model": "auto_generated/meatball"
                }
            },
            {
                "threshold": 30203,
                "model": {
                    "type": "model",
                    "model": "auto_generated/meatloaf"
                }
            },
            {
                "threshold": 30204,
                "model": {
                    "type": "model",
                    "model": "auto_generated/meat_appetizer"
                }
            },
            {
                "threshold": 30205,
                "model": {
                    "type": "model",
                    "model": "auto_generated/meat_omelet"
                }
            },
            {
                "threshold": 30206,
                "model": {
                    "type": "model",
                    "model": "auto_generated/meat_sandwich"
                }
            },
            {
                "threshold": 30207,
                "model": {
                    "type": "model",
                    "model": "auto_generated/medialuna"
                }
            },
            {
                "threshold": 30208,
                "model": {
                    "type": "model",
                    "model": "auto_generated/mermelada"
                }
            },
            {
                "threshold": 30209,
                "model": {
                    "type": "model",
                    "model": "auto_generated/mexican_cake"
                }
            },
            {
                "threshold": 30210,
                "model": {
                    "type": "model",
                    "model": "auto_generated/miel"
                }
            },
            {
                "threshold": 30211,
                "model": {
                    "type": "model",
                    "model": "auto_generated/milanese_sandwich"
                }
            },
            {
                "threshold": 30212,
                "model": {
                    "type": "model",
                    "model": "auto_generated/milk_bottle"
                }
            },
            {
                "threshold": 30213,
                "model": {
                    "type": "model",
                    "model": "auto_generated/milk_chocolate"
                }
            },
            {
                "threshold": 30214,
                "model": {
                    "type": "model",
                    "model": "auto_generated/milk_gallon"
                }
            },
            {
                "threshold": 30215,
                "model": {
                    "type": "model",
                    "model": "auto_generated/milk_pack"
                }
            },
            {
                "threshold": 30216,
                "model": {
                    "type": "model",
                    "model": "auto_generated/milk_plastic"
                }
            },
            {
                "threshold": 30217,
                "model": {
                    "type": "model",
                    "model": "auto_generated/mini_cake"
                }
            },
            {
                "threshold": 30218,
                "model": {
                    "type": "model",
                    "model": "auto_generated/mini_pizza"
                }
            },
            {
                "threshold": 30219,
                "model": {
                    "type": "model",
                    "model": "auto_generated/mushrooms"
                }
            },
            {
                "threshold": 30220,
                "model": {
                    "type": "model",
                    "model": "auto_generated/mushroom_white"
                }
            },
            {
                "threshold": 30221,
                "model": {
                    "type": "model",
                    "model": "auto_generated/mushroom_white_p"
                }
            },
            {
                "threshold": 30222,
                "model": {
                    "type": "model",
                    "model": "auto_generated/mustard"
                }
            },
            {
                "threshold": 30223,
                "model": {
                    "type": "model",
                    "model": "auto_generated/nut"
                }
            },
            {
                "threshold": 30224,
                "model": {
                    "type": "model",
                    "model": "auto_generated/olive_oil"
                }
            },
            {
                "threshold": 30225,
                "model": {
                    "type": "model",
                    "model": "auto_generated/olive_salad"
                }
            },
            {
                "threshold": 30226,
                "model": {
                    "type": "model",
                    "model": "auto_generated/omurise"
                }
            },
            {
                "threshold": 30227,
                "model": {
                    "type": "model",
                    "model": "auto_generated/onigiri"
                }
            },
            {
                "threshold": 30228,
                "model": {
                    "type": "model",
                    "model": "auto_generated/onion"
                }
            },
            {
                "threshold": 30230,
                "model": {
                    "type": "model",
                    "model": "auto_generated/orange"
                }
            },
            {
                "threshold": 30229,
                "model": {
                    "type": "model",
                    "model": "auto_generated/orange_dessert"
                }
            },
            {
                "threshold": 30231,
                "model": {
                    "type": "model",
                    "model": "auto_generated/orange_juice"
                }
            },
            {
                "threshold": 30232,
                "model": {
                    "type": "model",
                    "model": "auto_generated/oshizushi"
                }
            },
            {
                "threshold": 30233,
                "model": {
                    "type": "model",
                    "model": "auto_generated/pancakes"
                }
            },
            {
                "threshold": 30234,
                "model": {
                    "type": "model",
                    "model": "auto_generated/pan_dulce"
                }
            },
            {
                "threshold": 30235,
                "model": {
                    "type": "model",
                    "model": "auto_generated/pea"
                }
            },
            {
                "threshold": 30236,
                "model": {
                    "type": "model",
                    "model": "auto_generated/peach"
                }
            },
            {
                "threshold": 30237,
                "model": {
                    "type": "model",
                    "model": "auto_generated/peach_cobbler"
                }
            },
            {
                "threshold": 30238,
                "model": {
                    "type": "model",
                    "model": "auto_generated/peach_cobbler2"
                }
            },
            {
                "threshold": 30239,
                "model": {
                    "type": "model",
                    "model": "auto_generated/peach_cousin"
                }
            },
            {
                "threshold": 30240,
                "model": {
                    "type": "model",
                    "model": "auto_generated/peach_jam"
                }
            },
            {
                "threshold": 30241,
                "model": {
                    "type": "model",
                    "model": "auto_generated/peanut_butter"
                }
            },
            {
                "threshold": 30242,
                "model": {
                    "type": "model",
                    "model": "auto_generated/pear"
                }
            },
            {
                "threshold": 30243,
                "model": {
                    "type": "model",
                    "model": "auto_generated/pear_dessert"
                }
            },
            {
                "threshold": 30244,
                "model": {
                    "type": "model",
                    "model": "auto_generated/pepinos"
                }
            },
            {
                "threshold": 30245,
                "model": {
                    "type": "model",
                    "model": "auto_generated/pepper"
                }
            },
            {
                "threshold": 30246,
                "model": {
                    "type": "model",
                    "model": "auto_generated/pepperoni_pizza"
                }
            },
            {
                "threshold": 30247,
                "model": {
                    "type": "model",
                    "model": "auto_generated/peppers"
                }
            },
            {
                "threshold": 30248,
                "model": {
                    "type": "model",
                    "model": "auto_generated/pepsi"
                }
            },
            {
                "threshold": 30249,
                "model": {
                    "type": "model",
                    "model": "auto_generated/pepsi_2"
                }
            },
            {
                "threshold": 30250,
                "model": {
                    "type": "model",
                    "model": "auto_generated/pie"
                }
            },
            {
                "threshold": 30251,
                "model": {
                    "type": "model",
                    "model": "auto_generated/piece_of_pizza"
                }
            },
            {
                "threshold": 30252,
                "model": {
                    "type": "model",
                    "model": "auto_generated/pie_2"
                }
            },
            {
                "threshold": 30253,
                "model": {
                    "type": "model",
                    "model": "auto_generated/pie_3"
                }
            },
            {
                "threshold": 30254,
                "model": {
                    "type": "model",
                    "model": "auto_generated/pig_foot"
                }
            },
            {
                "threshold": 30255,
                "model": {
                    "type": "model",
                    "model": "auto_generated/pig_head"
                }
            },
            {
                "threshold": 30256,
                "model": {
                    "type": "model",
                    "model": "auto_generated/pineapple"
                }
            },
            {
                "threshold": 30257,
                "model": {
                    "type": "model",
                    "model": "auto_generated/pink_chewing_gum"
                }
            },
            {
                "threshold": 30258,
                "model": {
                    "type": "model",
                    "model": "auto_generated/pink_watermelon"
                }
            },
            {
                "threshold": 30259,
                "model": {
                    "type": "model",
                    "model": "auto_generated/pizza"
                }
            },
            {
                "threshold": 30260,
                "model": {
                    "type": "model",
                    "model": "auto_generated/pizza_with_arugula"
                }
            },
            {
                "threshold": 30261,
                "model": {
                    "type": "model",
                    "model": "auto_generated/pizza_with_cream"
                }
            },
            {
                "threshold": 30262,
                "model": {
                    "type": "model",
                    "model": "auto_generated/pizza_with_olives"
                }
            },
            {
                "threshold": 30263,
                "model": {
                    "type": "model",
                    "model": "auto_generated/plain_yogurt"
                }
            },
            {
                "threshold": 30264,
                "model": {
                    "type": "model",
                    "model": "auto_generated/pope_pumps"
                }
            },
            {
                "threshold": 30265,
                "model": {
                    "type": "model",
                    "model": "auto_generated/pork_meat"
                }
            },
            {
                "threshold": 30266,
                "model": {
                    "type": "model",
                    "model": "auto_generated/pork_rib"
                }
            },
            {
                "threshold": 30267,
                "model": {
                    "type": "model",
                    "model": "auto_generated/potato"
                }
            },
            {
                "threshold": 30268,
                "model": {
                    "type": "model",
                    "model": "auto_generated/potatochip_blue"
                }
            },
            {
                "threshold": 30269,
                "model": {
                    "type": "model",
                    "model": "auto_generated/potatochip_green"
                }
            },
            {
                "threshold": 30270,
                "model": {
                    "type": "model",
                    "model": "auto_generated/potatochip_yellow"
                }
            },
            {
                "threshold": 30271,
                "model": {
                    "type": "model",
                    "model": "auto_generated/potato_cake"
                }
            },
            {
                "threshold": 30272,
                "model": {
                    "type": "model",
                    "model": "auto_generated/potato_chips"
                }
            },
            {
                "threshold": 30273,
                "model": {
                    "type": "model",
                    "model": "auto_generated/potato_p"
                }
            },
            {
                "threshold": 30274,
                "model": {
                    "type": "model",
                    "model": "auto_generated/prawn_skewer"
                }
            },
            {
                "threshold": 30275,
                "model": {
                    "type": "model",
                    "model": "auto_generated/premium_pepper"
                }
            },
            {
                "threshold": 30276,
                "model": {
                    "type": "model",
                    "model": "auto_generated/premium_pizza"
                }
            },
            {
                "threshold": 30277,
                "model": {
                    "type": "model",
                    "model": "auto_generated/premium_shake"
                }
            },
            {
                "threshold": 30278,
                "model": {
                    "type": "model",
                    "model": "auto_generated/pretzel"
                }
            },
            {
                "threshold": 30279,
                "model": {
                    "type": "model",
                    "model": "auto_generated/pretzel2"
                }
            },
            {
                "threshold": 30280,
                "model": {
                    "type": "model",
                    "model": "auto_generated/pumpkin_cake"
                }
            },
            {
                "threshold": 30281,
                "model": {
                    "type": "model",
                    "model": "auto_generated/pure"
                }
            },
            {
                "threshold": 30282,
                "model": {
                    "type": "model",
                    "model": "auto_generated/purple_fish"
                }
            },
            {
                "threshold": 30283,
                "model": {
                    "type": "model",
                    "model": "auto_generated/radioactive_icecream"
                }
            },
            {
                "threshold": 30284,
                "model": {
                    "type": "model",
                    "model": "auto_generated/ramen"
                }
            },
            {
                "threshold": 30285,
                "model": {
                    "type": "model",
                    "model": "auto_generated/ramen2"
                }
            },
            {
                "threshold": 30286,
                "model": {
                    "type": "model",
                    "model": "auto_generated/red_apple"
                }
            },
            {
                "threshold": 30287,
                "model": {
                    "type": "model",
                    "model": "auto_generated/red_apple_p"
                }
            },
            {
                "threshold": 30288,
                "model": {
                    "type": "model",
                    "model": "auto_generated/red_cake"
                }
            },
            {
                "threshold": 30289,
                "model": {
                    "type": "model",
                    "model": "auto_generated/red_grape"
                }
            },
            {
                "threshold": 30290,
                "model": {
                    "type": "model",
                    "model": "auto_generated/red_grape_p"
                }
            },
            {
                "threshold": 30291,
                "model": {
                    "type": "model",
                    "model": "auto_generated/red_pepper"
                }
            },
            {
                "threshold": 30292,
                "model": {
                    "type": "model",
                    "model": "auto_generated/regular_bell_epper"
                }
            },
            {
                "threshold": 30293,
                "model": {
                    "type": "model",
                    "model": "auto_generated/regular_burger"
                }
            },
            {
                "threshold": 30294,
                "model": {
                    "type": "model",
                    "model": "auto_generated/regular_pizza"
                }
            },
            {
                "threshold": 30295,
                "model": {
                    "type": "model",
                    "model": "auto_generated/rice_bowl"
                }
            },
            {
                "threshold": 30296,
                "model": {
                    "type": "model",
                    "model": "auto_generated/ripe_peach"
                }
            },
            {
                "threshold": 30297,
                "model": {
                    "type": "model",
                    "model": "auto_generated/roasted_carrot"
                }
            },
            {
                "threshold": 30298,
                "model": {
                    "type": "model",
                    "model": "auto_generated/roasted_chicken"
                }
            },
            {
                "threshold": 30299,
                "model": {
                    "type": "model",
                    "model": "auto_generated/rockets_cake"
                }
            },
            {
                "threshold": 30300,
                "model": {
                    "type": "model",
                    "model": "auto_generated/salad_bowl"
                }
            },
            {
                "threshold": 30301,
                "model": {
                    "type": "model",
                    "model": "auto_generated/salmon"
                }
            },
            {
                "threshold": 30302,
                "model": {
                    "type": "model",
                    "model": "auto_generated/salsa"
                }
            },
            {
                "threshold": 30303,
                "model": {
                    "type": "model",
                    "model": "auto_generated/salt"
                }
            },
            {
                "threshold": 30304,
                "model": {
                    "type": "model",
                    "model": "auto_generated/sandwich"
                }
            },
            {
                "threshold": 30305,
                "model": {
                    "type": "model",
                    "model": "auto_generated/sashimi"
                }
            },
            {
                "threshold": 30306,
                "model": {
                    "type": "model",
                    "model": "auto_generated/sausage_p"
                }
            },
            {
                "threshold": 30307,
                "model": {
                    "type": "model",
                    "model": "auto_generated/scrambled_eggs"
                }
            },
            {
                "threshold": 30308,
                "model": {
                    "type": "model",
                    "model": "auto_generated/seashell"
                }
            },
            {
                "threshold": 30309,
                "model": {
                    "type": "model",
                    "model": "auto_generated/shrimp"
                }
            },
            {
                "threshold": 30310,
                "model": {
                    "type": "model",
                    "model": "auto_generated/snack1"
                }
            },
            {
                "threshold": 30311,
                "model": {
                    "type": "model",
                    "model": "auto_generated/snack2"
                }
            },
            {
                "threshold": 30312,
                "model": {
                    "type": "model",
                    "model": "auto_generated/soft_drink_blue"
                }
            },
            {
                "threshold": 30313,
                "model": {
                    "type": "model",
                    "model": "auto_generated/soft_drink_green"
                }
            },
            {
                "threshold": 30314,
                "model": {
                    "type": "model",
                    "model": "auto_generated/soft_drink_red"
                }
            },
            {
                "threshold": 30315,
                "model": {
                    "type": "model",
                    "model": "auto_generated/soft_drink_yellow"
                }
            },
            {
                "threshold": 30316,
                "model": {
                    "type": "model",
                    "model": "auto_generated/soup"
                }
            },
            {
                "threshold": 30317,
                "model": {
                    "type": "model",
                    "model": "auto_generated/spam"
                }
            },
            {
                "threshold": 30318,
                "model": {
                    "type": "model",
                    "model": "auto_generated/split_pizza"
                }
            },
            {
                "threshold": 30319,
                "model": {
                    "type": "model",
                    "model": "auto_generated/sprite"
                }
            },
            {
                "threshold": 30320,
                "model": {
                    "type": "model",
                    "model": "auto_generated/squid_shell"
                }
            },
            {
                "threshold": 30321,
                "model": {
                    "type": "model",
                    "model": "auto_generated/steak"
                }
            },
            {
                "threshold": 30322,
                "model": {
                    "type": "model",
                    "model": "auto_generated/stick_ice_cream"
                }
            },
            {
                "threshold": 30323,
                "model": {
                    "type": "model",
                    "model": "auto_generated/strawberry"
                }
            },
            {
                "threshold": 30324,
                "model": {
                    "type": "model",
                    "model": "auto_generated/strawberry2"
                }
            },
            {
                "threshold": 30325,
                "model": {
                    "type": "model",
                    "model": "auto_generated/strawberry_ice_cream"
                }
            },
            {
                "threshold": 30326,
                "model": {
                    "type": "model",
                    "model": "auto_generated/strawberry_jam"
                }
            },
            {
                "threshold": 30327,
                "model": {
                    "type": "model",
                    "model": "auto_generated/strawberry_juice"
                }
            },
            {
                "threshold": 30328,
                "model": {
                    "type": "model",
                    "model": "auto_generated/strawberry_p"
                }
            },
            {
                "threshold": 30329,
                "model": {
                    "type": "model",
                    "model": "auto_generated/strawberry_smoothie"
                }
            },
            {
                "threshold": 30330,
                "model": {
                    "type": "model",
                    "model": "auto_generated/strawberry_syrup"
                }
            },
            {
                "threshold": 30331,
                "model": {
                    "type": "model",
                    "model": "auto_generated/sugar"
                }
            },
            {
                "threshold": 30332,
                "model": {
                    "type": "model",
                    "model": "auto_generated/sundae"
                }
            },
            {
                "threshold": 30333,
                "model": {
                    "type": "model",
                    "model": "auto_generated/sushi"
                }
            },
            {
                "threshold": 30334,
                "model": {
                    "type": "model",
                    "model": "auto_generated/sushi_rolls"
                }
            },
            {
                "threshold": 30335,
                "model": {
                    "type": "model",
                    "model": "auto_generated/sweet"
                }
            },
            {
                "threshold": 30336,
                "model": {
                    "type": "model",
                    "model": "auto_generated/sweet2"
                }
            },
            {
                "threshold": 30337,
                "model": {
                    "type": "model",
                    "model": "auto_generated/taco"
                }
            },
            {
                "threshold": 30338,
                "model": {
                    "type": "model",
                    "model": "auto_generated/taco_2"
                }
            },
            {
                "threshold": 30339,
                "model": {
                    "type": "model",
                    "model": "auto_generated/tea_cup"
                }
            },
            {
                "threshold": 30340,
                "model": {
                    "type": "model",
                    "model": "auto_generated/tentacle"
                }
            },
            {
                "threshold": 30341,
                "model": {
                    "type": "model",
                    "model": "auto_generated/toast"
                }
            },
            {
                "threshold": 30342,
                "model": {
                    "type": "model",
                    "model": "auto_generated/toasted_pizza"
                }
            },
            {
                "threshold": 30343,
                "model": {
                    "type": "model",
                    "model": "auto_generated/toasts_with_cheese"
                }
            },
            {
                "threshold": 30344,
                "model": {
                    "type": "model",
                    "model": "auto_generated/tofu"
                }
            },
            {
                "threshold": 30345,
                "model": {
                    "type": "model",
                    "model": "auto_generated/tomato"
                }
            },
            {
                "threshold": 30346,
                "model": {
                    "type": "model",
                    "model": "auto_generated/tomato3"
                }
            },
            {
                "threshold": 30347,
                "model": {
                    "type": "model",
                    "model": "auto_generated/tomato_and_cheese_pizza"
                }
            },
            {
                "threshold": 30348,
                "model": {
                    "type": "model",
                    "model": "auto_generated/tomato_omelet"
                }
            },
            {
                "threshold": 30349,
                "model": {
                    "type": "model",
                    "model": "auto_generated/tomato_pizza"
                }
            },
            {
                "threshold": 30350,
                "model": {
                    "type": "model",
                    "model": "auto_generated/toothbrush_set"
                }
            },
            {
                "threshold": 30351,
                "model": {
                    "type": "model",
                    "model": "auto_generated/tuna_can"
                }
            },
            {
                "threshold": 30352,
                "model": {
                    "type": "model",
                    "model": "auto_generated/turnip"
                }
            },
            {
                "threshold": 30353,
                "model": {
                    "type": "model",
                    "model": "auto_generated/uramaki"
                }
            },
            {
                "threshold": 30354,
                "model": {
                    "type": "model",
                    "model": "auto_generated/vanilla_or_lemon_ice_cream"
                }
            },
            {
                "threshold": 30355,
                "model": {
                    "type": "model",
                    "model": "auto_generated/vegetable_soup"
                }
            },
            {
                "threshold": 30356,
                "model": {
                    "type": "model",
                    "model": "auto_generated/vlan"
                }
            },
            {
                "threshold": 30357,
                "model": {
                    "type": "model",
                    "model": "auto_generated/waffles"
                }
            },
            {
                "threshold": 30358,
                "model": {
                    "type": "model",
                    "model": "auto_generated/waffles_2"
                }
            },
            {
                "threshold": 30359,
                "model": {
                    "type": "model",
                    "model": "auto_generated/water"
                }
            },
            {
                "threshold": 30360,
                "model": {
                    "type": "model",
                    "model": "auto_generated/watermelon"
                }
            },
            {
                "threshold": 30361,
                "model": {
                    "type": "model",
                    "model": "auto_generated/watermelon1"
                }
            },
            {
                "threshold": 30362,
                "model": {
                    "type": "model",
                    "model": "auto_generated/watermelon2"
                }
            },
            {
                "threshold": 30363,
                "model": {
                    "type": "model",
                    "model": "auto_generated/watermelon_dessert"
                }
            },
            {
                "threshold": 30364,
                "model": {
                    "type": "model",
                    "model": "auto_generated/whiskey"
                }
            },
            {
                "threshold": 30365,
                "model": {
                    "type": "model",
                    "model": "auto_generated/whisk_p"
                }
            },
            {
                "threshold": 30366,
                "model": {
                    "type": "model",
                    "model": "auto_generated/white_cheese"
                }
            },
            {
                "threshold": 30367,
                "model": {
                    "type": "model",
                    "model": "auto_generated/white_cheese_p"
                }
            },
            {
                "threshold": 30368,
                "model": {
                    "type": "model",
                    "model": "auto_generated/white_cheese_piece"
                }
            },
            {
                "threshold": 30369,
                "model": {
                    "type": "model",
                    "model": "auto_generated/white_cheese_piece_p"
                }
            },
            {
                "threshold": 30370,
                "model": {
                    "type": "model",
                    "model": "auto_generated/wine_red"
                }
            },
            {
                "threshold": 30371,
                "model": {
                    "type": "model",
                    "model": "auto_generated/wine_white"
                }
            },
            {
                "threshold": 30372,
                "model": {
                    "type": "model",
                    "model": "auto_generated/wine_white2"
                }
            },
            {
                "threshold": 30373,
                "model": {
                    "type": "model",
                    "model": "auto_generated/wine_white3"
                }
            }
        ]
    }
}