{
    "model": {
        "type": "minecraft:range_dispatch",
        "property": "minecraft:custom_model_data",
        "fallback": {
            "type": "minecraft:model",
            "model": "minecraft:item/apple"
        },
        "entries": [
            {
                "threshold": 30001,
                "model": {
                    "type": "minecraft:model",
                    "model": "item/7up"
                }
            },
            {
                "threshold": 30002,
                "model": {
                    "type": "minecraft:model",
                    "model": "item/7up_2"
                }
            },
            {
                "threshold": 30003,
                "model": {
                    "type": "minecraft:model",
                    "model": "item/acorn"
                }
            },
            {
                "threshold": 30004,
                "model": {
                    "type": "minecraft:model",
                    "model": "item/american_cheese_p"
                }
            },
            {
                "threshold": 30005,
                "model": {
                    "type": "minecraft:model",
                    "model": "item/apple"
                }
            },
            {
                "threshold": 30006,
                "model": {
                    "type": "minecraft:model",
                    "model": "item/apple2"
                }
            },
            {
                "threshold": 30007,
                "model": {
                    "type": "minecraft:model",
                    "model": "item/apple_dessert"
                }
            },
            {
                "threshold": 30008,
                "model": {
                    "type": "minecraft:model",
                    "model": "item/apple_ice_cream"
                }
            },
            {
                "threshold": 30009,
                "model": {
                    "type": "minecraft:model",
                    "model": "item/apple_with_worms"
                }
            },
            {
                "threshold": 30010,
                "model": {
                    "type": "minecraft:model",
                    "model": "item/arbejas"
                }
            },
            {
                "threshold": 30011,
                "model": {
                    "type": "minecraft:model",
                    "model": "item/argentinian_empanada"
                }
            },
            {
                "threshold": 30012,
                "model": {
                    "type": "minecraft:model",
                    "model": "item/avocado"
                }
            },
            {
                "threshold": 30013,
                "model": {
                    "type": "minecraft:model",
                    "model": "item/avocado_dessert"
                }
            },
            {
                "threshold": 30014,
                "model": {
                    "type": "minecraft:model",
                    "model": "item/bacon"
                }
            },
            {
                "threshold": 30015,
                "model": {
                    "type": "minecraft:model",
                    "model": "item/baked_pizza"
                }
            },
            {
                "threshold": 30016,
                "model": {
                    "type": "minecraft:model",
                    "model": "item/baked_potato"
                }
            },
            {
                "threshold": 30017,
                "model": {
                    "type": "minecraft:model",
                    "model": "item/baked_potatoes"
                }
            },
            {
                "threshold": 30018,
                "model": {
                    "type": "minecraft:model",
                    "model": "item/baking_powder"
                }
            },
            {
                "threshold": 30019,
                "model": {
                    "type": "minecraft:model",
                    "model": "item/banana"
                }
            },
            {
                "threshold": 30020,
                "model": {
                    "type": "minecraft:model",
                    "model": "item/banana2"
                }
            },
            {
                "threshold": 30021,
                "model": {
                    "type": "minecraft:model",
                    "model": "item/bananas"
                }
            },
            {
                "threshold": 30022,
                "model": {
                    "type": "minecraft:model",
                    "model": "item/banana_and_chocolate_dessert"
                }
            },
            {
                "threshold": 30023,
                "model": {
                    "type": "minecraft:model",
                    "model": "item/banana_smoothie"
                }
            },
            {
                "threshold": 30024,
                "model": {
                    "type": "minecraft:model",
                    "model": "item/barbeque_sauce"
                }
            },
            {
                "threshold": 30025,
                "model": {
                    "type": "minecraft:model",
                    "model": "item/beacon"
                }
            },
            {
                "threshold": 30026,
                "model": {
                    "type": "minecraft:model",
                    "model": "item/beans"
                }
            },
            {
                "threshold": 30027,
                "model": {
                    "type": "minecraft:model",
                    "model": "item/beer"
                }
            },
            {
                "threshold": 30028,
                "model": {
                    "type": "minecraft:model",
                    "model": "item/beetroot"
                }
            },
            {
                "threshold": 30029,
                "model": {
                    "type": "minecraft:model",
                    "model": "item/bell_pepper"
                }
            },
            {
                "threshold": 30030,
                "model": {
                    "type": "minecraft:model",
                    "model": "item/bell_pepper_p"
                }
            },
            {
                "threshold": 30031,
                "model": {
                    "type": "minecraft:model",
                    "model": "item/berry"
                }
            },
            {
                "threshold": 30032,
                "model": {
                    "type": "minecraft:model",
                    "model": "item/birthday_cake"
                }
            },
            {
                "threshold": 30033,
                "model": {
                    "type": "minecraft:model",
                    "model": "item/blue_berries"
                }
            },
            {
                "threshold": 30034,
                "model": {
                    "type": "minecraft:model",
                    "model": "item/bread"
                }
            },
            {
                "threshold": 30035,
                "model": {
                    "type": "minecraft:model",
                    "model": "item/bread_slices"
                }
            },
            {
                "threshold": 30036,
                "model": {
                    "type": "minecraft:model",
                    "model": "item/brocoli"
                }
            },
            {
                "threshold": 30037,
                "model": {
                    "type": "minecraft:model",
                    "model": "item/bubble_gum"
                }
            },
            {
                "threshold": 30038,
                "model": {
                    "type": "minecraft:model",
                    "model": "item/bunch_of_herbs"
                }
            },
            {
                "threshold": 30039,
                "model": {
                    "type": "minecraft:model",
                    "model": "item/burger"
                }
            },
            {
                "threshold": 30040,
                "model": {
                    "type": "minecraft:model",
                    "model": "item/burrito"
                }
            },
            {
                "threshold": 30041,
                "model": {
                    "type": "minecraft:model",
                    "model": "item/burritos"
                }
            },
            {
                "threshold": 30042,
                "model": {
                    "type": "minecraft:model",
                    "model": "item/butter"
                }
            },
            {
                "threshold": 30043,
                "model": {
                    "type": "minecraft:model",
                    "model": "item/butter2"
                }
            },
            {
                "threshold": 30044,
                "model": {
                    "type": "minecraft:model",
                    "model": "item/cabagge"
                }
            },
            {
                "threshold": 30045,
                "model": {
                    "type": "minecraft:model",
                    "model": "item/cabbage"
                }
            },
            {
                "threshold": 30046,
                "model": {
                    "type": "minecraft:model",
                    "model": "item/cabbage_p"
                }
            },
            {
                "threshold": 30047,
                "model": {
                    "type": "minecraft:model",
                    "model": "item/caipirinha"
                }
            },
            {
                "threshold": 30048,
                "model": {
                    "type": "minecraft:model",
                    "model": "item/cake2"
                }
            },
            {
                "threshold": 30049,
                "model": {
                    "type": "minecraft:model",
                    "model": "item/cake_with_chocolate"
                }
            },
            {
                "threshold": 30050,
                "model": {
                    "type": "minecraft:model",
                    "model": "item/cake_with_cream"
                }
            },
            {
                "threshold": 30051,
                "model": {
                    "type": "minecraft:model",
                    "model": "item/came"
                }
            },
            {
                "threshold": 30052,
                "model": {
                    "type": "minecraft:model",
                    "model": "item/candy"
                }
            },
            {
                "threshold": 30053,
                "model": {
                    "type": "minecraft:model",
                    "model": "item/candy_bar"
                }
            },
            {
                "threshold": 30054,
                "model": {
                    "type": "minecraft:model",
                    "model": "item/carrot"
                }
            },
            {
                "threshold": 30055,
                "model": {
                    "type": "minecraft:model",
                    "model": "item/caviar"
                }
            },
            {
                "threshold": 30056,
                "model": {
                    "type": "minecraft:model",
                    "model": "item/cereal1"
                }
            },
            {
                "threshold": 30057,
                "model": {
                    "type": "minecraft:model",
                    "model": "item/cereal2"
                }
            },
            {
                "threshold": 30058,
                "model": {
                    "type": "minecraft:model",
                    "model": "item/cereal_bar"
                }
            },
            {
                "threshold": 30059,
                "model": {
                    "type": "minecraft:model",
                    "model": "item/cheese"
                }
            },
            {
                "threshold": 30060,
                "model": {
                    "type": "minecraft:model",
                    "model": "item/cheesecake"
                }
            },
            {
                "threshold": 30061,
                "model": {
                    "type": "minecraft:model",
                    "model": "item/cheese_pizza"
                }
            },
            {
                "threshold": 30062,
                "model": {
                    "type": "minecraft:model",
                    "model": "item/cheese_salad"
                }
            },
            {
                "threshold": 30063,
                "model": {
                    "type": "minecraft:model",
                    "model": "item/cheese_sandwich"
                }
            },
            {
                "threshold": 30064,
                "model": {
                    "type": "minecraft:model",
                    "model": "item/cheesse"
                }
            },
            {
                "threshold": 30065,
                "model": {
                    "type": "minecraft:model",
                    "model": "item/cherry"
                }
            },
            {
                "threshold": 30066,
                "model": {
                    "type": "minecraft:model",
                    "model": "item/cherrys"
                }
            },
            {
                "threshold": 30067,
                "model": {
                    "type": "minecraft:model",
                    "model": "item/cherry_2"
                }
            },
            {
                "threshold": 30068,
                "model": {
                    "type": "minecraft:model",
                    "model": "item/cherry_cake"
                }
            },
            {
                "threshold": 30069,
                "model": {
                    "type": "minecraft:model",
                    "model": "item/cherry_dessert"
                }
            },
            {
                "threshold": 30070,
                "model": {
                    "type": "minecraft:model",
                    "model": "item/cherry_dessert_2"
                }
            },
            {
                "threshold": 30071,
                "model": {
                    "type": "minecraft:model",
                    "model": "item/cherry_smoothie"
                }
            },
            {
                "threshold": 30072,
                "model": {
                    "type": "minecraft:model",
                    "model": "item/chetos"
                }
            },
            {
                "threshold": 30073,
                "model": {
                    "type": "minecraft:model",
                    "model": "item/chewing_gum"
                }
            },
            {
                "threshold": 30075,
                "model": {
                    "type": "minecraft:model",
                    "model": "item/chicken"
                }
            },
            {
                "threshold": 30076,
                "model": {
                    "type": "minecraft:model",
                    "model": "item/chicken3"
                }
            },
            {
                "threshold": 30077,
                "model": {
                    "type": "minecraft:model",
                    "model": "item/chicken_breast"
                }
            },
            {
                "threshold": 30078,
                "model": {
                    "type": "minecraft:model",
                    "model": "item/chicken_foot"
                }
            },
            {
                "threshold": 30079,
                "model": {
                    "type": "minecraft:model",
                    "model": "item/chicken_sausages"
                }
            },
            {
                "threshold": 30080,
                "model": {
                    "type": "minecraft:model",
                    "model": "item/chinese_pizza"
                }
            },
            {
                "threshold": 30081,
                "model": {
                    "type": "minecraft:model",
                    "model": "item/chips"
                }
            },
            {
                "threshold": 30082,
                "model": {
                    "type": "minecraft:model",
                    "model": "item/chives"
                }
            },
            {
                "threshold": 30083,
                "model": {
                    "type": "minecraft:model",
                    "model": "item/chocolate"
                }
            },
            {
                "threshold": 30084,
                "model": {
                    "type": "minecraft:model",
                    "model": "item/chocolate_bar"
                }
            },
            {
                "threshold": 30085,
                "model": {
                    "type": "minecraft:model",
                    "model": "item/chocolate_cake"
                }
            },
            {
                "threshold": 30086,
                "model": {
                    "type": "minecraft:model",
                    "model": "item/chocolate_cake2"
                }
            },
            {
                "threshold": 30087,
                "model": {
                    "type": "minecraft:model",
                    "model": "item/chocolate_coffe"
                }
            },
            {
                "threshold": 30088,
                "model": {
                    "type": "minecraft:model",
                    "model": "item/chocolate_dessert2"
                }
            },
            {
                "threshold": 30089,
                "model": {
                    "type": "minecraft:model",
                    "model": "item/chocolate_dessert3"
                }
            },
            {
                "threshold": 30090,
                "model": {
                    "type": "minecraft:model",
                    "model": "item/chocolate_donut"
                }
            },
            {
                "threshold": 30091,
                "model": {
                    "type": "minecraft:model",
                    "model": "item/cocacola"
                }
            },
            {
                "threshold": 30092,
                "model": {
                    "type": "minecraft:model",
                    "model": "item/cocacola_2"
                }
            },
            {
                "threshold": 30093,
                "model": {
                    "type": "minecraft:model",
                    "model": "item/cocacola_3"
                }
            },
            {
                "threshold": 30094,
                "model": {
                    "type": "minecraft:model",
                    "model": "item/coca_cola"
                }
            },
            {
                "threshold": 30095,
                "model": {
                    "type": "minecraft:model",
                    "model": "item/cochlo"
                }
            },
            {
                "threshold": 30096,
                "model": {
                    "type": "minecraft:model",
                    "model": "item/coconut"
                }
            },
            {
                "threshold": 30097,
                "model": {
                    "type": "minecraft:model",
                    "model": "item/coffee_bag"
                }
            },
            {
                "threshold": 30098,
                "model": {
                    "type": "minecraft:model",
                    "model": "item/cold_coffe"
                }
            },
            {
                "threshold": 30099,
                "model": {
                    "type": "minecraft:model",
                    "model": "item/cookie"
                }
            },
            {
                "threshold": 30101,
                "model": {
                    "type": "minecraft:model",
                    "model": "item/cookies"
                }
            },
            {
                "threshold": 30102,
                "model": {
                    "type": "minecraft:model",
                    "model": "item/cookies_2"
                }
            },
            {
                "threshold": 30100,
                "model": {
                    "type": "minecraft:model",
                    "model": "item/cookies_3"
                }
            },
            {
                "threshold": 30103,
                "model": {
                    "type": "minecraft:model",
                    "model": "item/cooking_oil"
                }
            },
            {
                "threshold": 30104,
                "model": {
                    "type": "minecraft:model",
                    "model": "item/cow_foot"
                }
            },
            {
                "threshold": 30105,
                "model": {
                    "type": "minecraft:model",
                    "model": "item/cow_meat"
                }
            },
            {
                "threshold": 30106,
                "model": {
                    "type": "minecraft:model",
                    "model": "item/crab"
                }
            },
            {
                "threshold": 30107,
                "model": {
                    "type": "minecraft:model",
                    "model": "item/crab_legs"
                }
            },
            {
                "threshold": 30108,
                "model": {
                    "type": "minecraft:model",
                    "model": "item/cucumber"
                }
            },
            {
                "threshold": 30109,
                "model": {
                    "type": "minecraft:model",
                    "model": "item/cucumber_smoothie"
                }
            },
            {
                "threshold": 30110,
                "model": {
                    "type": "minecraft:model",
                    "model": "item/daikiri"
                }
            },
            {
                "threshold": 30111,
                "model": {
                    "type": "minecraft:model",
                    "model": "item/daikiri2"
                }
            },
            {
                "threshold": 30112,
                "model": {
                    "type": "minecraft:model",
                    "model": "item/default_burger"
                }
            },
            {
                "threshold": 30113,
                "model": {
                    "type": "minecraft:model",
                    "model": "item/default_burrito"
                }
            },
            {
                "threshold": 30114,
                "model": {
                    "type": "minecraft:model",
                    "model": "item/default_cake"
                }
            },
            {
                "threshold": 30115,
                "model": {
                    "type": "minecraft:model",
                    "model": "item/default_dessert"
                }
            },
            {
                "threshold": 30116,
                "model": {
                    "type": "minecraft:model",
                    "model": "item/default_hotdog"
                }
            },
            {
                "threshold": 30117,
                "model": {
                    "type": "minecraft:model",
                    "model": "item/default_icecream"
                }
            },
            {
                "threshold": 30118,
                "model": {
                    "type": "minecraft:model",
                    "model": "item/default_sandwich"
                }
            },
            {
                "threshold": 30119,
                "model": {
                    "type": "minecraft:model",
                    "model": "item/default_sausage"
                }
            },
            {
                "threshold": 30120,
                "model": {
                    "type": "minecraft:model",
                    "model": "item/default_tomato"
                }
            },
            {
                "threshold": 30121,
                "model": {
                    "type": "minecraft:model",
                    "model": "item/default_watermelon"
                }
            },
            {
                "threshold": 30122,
                "model": {
                    "type": "minecraft:model",
                    "model": "item/donut"
                }
            },
            {
                "threshold": 30123,
                "model": {
                    "type": "minecraft:model",
                    "model": "item/donuts"
                }
            },
            {
                "threshold": 30124,
                "model": {
                    "type": "minecraft:model",
                    "model": "item/edible_flower"
                }
            },
            {
                "threshold": 30125,
                "model": {
                    "type": "minecraft:model",
                    "model": "item/egg"
                }
            },
            {
                "threshold": 30126,
                "model": {
                    "type": "minecraft:model",
                    "model": "item/eggplant"
                }
            },
            {
                "threshold": 30127,
                "model": {
                    "type": "minecraft:model",
                    "model": "item/egg_box"
                }
            },
            {
                "threshold": 30128,
                "model": {
                    "type": "minecraft:model",
                    "model": "item/egg_brown"
                }
            },
            {
                "threshold": 30129,
                "model": {
                    "type": "minecraft:model",
                    "model": "item/egg_white"
                }
            },
            {
                "threshold": 30130,
                "model": {
                    "type": "minecraft:model",
                    "model": "item/empanada"
                }
            },
            {
                "threshold": 30131,
                "model": {
                    "type": "minecraft:model",
                    "model": "item/empanadas"
                }
            },
            {
                "threshold": 30132,
                "model": {
                    "type": "minecraft:model",
                    "model": "item/energy_bar"
                }
            },
            {
                "threshold": 30133,
                "model": {
                    "type": "minecraft:model",
                    "model": "item/english_beer"
                }
            },
            {
                "threshold": 30134,
                "model": {
                    "type": "minecraft:model",
                    "model": "item/especial_pizza"
                }
            },
            {
                "threshold": 30135,
                "model": {
                    "type": "minecraft:model",
                    "model": "item/fish"
                }
            },
            {
                "threshold": 30136,
                "model": {
                    "type": "minecraft:model",
                    "model": "item/fish_p"
                }
            },
            {
                "threshold": 30137,
                "model": {
                    "type": "minecraft:model",
                    "model": "item/fish_tail"
                }
            },
            {
                "threshold": 30138,
                "model": {
                    "type": "minecraft:model",
                    "model": "item/flan"
                }
            },
            {
                "threshold": 30139,
                "model": {
                    "type": "minecraft:model",
                    "model": "item/flour"
                }
            },
            {
                "threshold": 30140,
                "model": {
                    "type": "minecraft:model",
                    "model": "item/frappe"
                }
            },
            {
                "threshold": 30142,
                "model": {
                    "type": "minecraft:model",
                    "model": "item/fried_burger"
                }
            },
            {
                "threshold": 30141,
                "model": {
                    "type": "minecraft:model",
                    "model": "item/fried_egg"
                }
            },
            {
                "threshold": 30143,
                "model": {
                    "type": "minecraft:model",
                    "model": "item/fried_rice"
                }
            },
            {
                "threshold": 30144,
                "model": {
                    "type": "minecraft:model",
                    "model": "item/frie_eggs"
                }
            },
            {
                "threshold": 30145,
                "model": {
                    "type": "minecraft:model",
                    "model": "item/fruit_cocktail_can"
                }
            },
            {
                "threshold": 30146,
                "model": {
                    "type": "minecraft:model",
                    "model": "item/fungus"
                }
            },
            {
                "threshold": 30147,
                "model": {
                    "type": "minecraft:model",
                    "model": "item/galletitas"
                }
            },
            {
                "threshold": 30148,
                "model": {
                    "type": "minecraft:model",
                    "model": "item/garlic"
                }
            },
            {
                "threshold": 30149,
                "model": {
                    "type": "minecraft:model",
                    "model": "item/glass_of_milk"
                }
            },
            {
                "threshold": 30150,
                "model": {
                    "type": "minecraft:model",
                    "model": "item/grape"
                }
            },
            {
                "threshold": 30151,
                "model": {
                    "type": "minecraft:model",
                    "model": "item/grape_juice"
                }
            },
            {
                "threshold": 30152,
                "model": {
                    "type": "minecraft:model",
                    "model": "item/grape_soda"
                }
            },
            {
                "threshold": 30153,
                "model": {
                    "type": "minecraft:model",
                    "model": "item/green_apple"
                }
            },
            {
                "threshold": 30154,
                "model": {
                    "type": "minecraft:model",
                    "model": "item/green_apple_p"
                }
            },
            {
                "threshold": 30155,
                "model": {
                    "type": "minecraft:model",
                    "model": "item/green_cherry"
                }
            },
            {
                "threshold": 30156,
                "model": {
                    "type": "minecraft:model",
                    "model": "item/green_fruits"
                }
            },
            {
                "threshold": 30157,
                "model": {
                    "type": "minecraft:model",
                    "model": "item/green_grape"
                }
            },
            {
                "threshold": 30158,
                "model": {
                    "type": "minecraft:model",
                    "model": "item/green_grape_p"
                }
            },
            {
                "threshold": 30159,
                "model": {
                    "type": "minecraft:model",
                    "model": "item/green_pepper"
                }
            },
            {
                "threshold": 30160,
                "model": {
                    "type": "minecraft:model",
                    "model": "item/green_smoothie"
                }
            },
            {
                "threshold": 30161,
                "model": {
                    "type": "minecraft:model",
                    "model": "item/gum"
                }
            },
            {
                "threshold": 30162,
                "model": {
                    "type": "minecraft:model",
                    "model": "item/half_apple"
                }
            },
            {
                "threshold": 30163,
                "model": {
                    "type": "minecraft:model",
                    "model": "item/ham"
                }
            },
            {
                "threshold": 30164,
                "model": {
                    "type": "minecraft:model",
                    "model": "item/hamburger"
                }
            },
            {
                "threshold": 30165,
                "model": {
                    "type": "minecraft:model",
                    "model": "item/homemade_bread"
                }
            },
            {
                "threshold": 30166,
                "model": {
                    "type": "minecraft:model",
                    "model": "item/homer_donut"
                }
            },
            {
                "threshold": 30167,
                "model": {
                    "type": "minecraft:model",
                    "model": "item/honey"
                }
            },
            {
                "threshold": 30168,
                "model": {
                    "type": "minecraft:model",
                    "model": "item/hotdog"
                }
            },
            {
                "threshold": 30169,
                "model": {
                    "type": "minecraft:model",
                    "model": "item/hotdog2"
                }
            },
            {
                "threshold": 30170,
                "model": {
                    "type": "minecraft:model",
                    "model": "item/hot_cocoa_mix"
                }
            },
            {
                "threshold": 30171,
                "model": {
                    "type": "minecraft:model",
                    "model": "item/hot_milk"
                }
            },
            {
                "threshold": 30172,
                "model": {
                    "type": "minecraft:model",
                    "model": "item/icecream"
                }
            },
            {
                "threshold": 30173,
                "model": {
                    "type": "minecraft:model",
                    "model": "item/iced_tea"
                }
            },
            {
                "threshold": 30174,
                "model": {
                    "type": "minecraft:model",
                    "model": "item/ice_cream_with_cream_and_stawberry"
                }
            },
            {
                "threshold": 30175,
                "model": {
                    "type": "minecraft:model",
                    "model": "item/italian_beer"
                }
            },
            {
                "threshold": 30176,
                "model": {
                    "type": "minecraft:model",
                    "model": "item/jam"
                }
            },
            {
                "threshold": 30177,
                "model": {
                    "type": "minecraft:model",
                    "model": "item/jam_strawberry"
                }
            },
            {
                "threshold": 30178,
                "model": {
                    "type": "minecraft:model",
                    "model": "item/java"
                }
            },
            {
                "threshold": 30179,
                "model": {
                    "type": "minecraft:model",
                    "model": "item/jugo"
                }
            },
            {
                "threshold": 30180,
                "model": {
                    "type": "minecraft:model",
                    "model": "item/juice_bottle"
                }
            },
            {
                "threshold": 30181,
                "model": {
                    "type": "minecraft:model",
                    "model": "item/ketchup"
                }
            },
            {
                "threshold": 30182,
                "model": {
                    "type": "minecraft:model",
                    "model": "item/kiwi"
                }
            },
            {
                "threshold": 30183,
                "model": {
                    "type": "minecraft:model",
                    "model": "item/large_chicken"
                }
            },
            {
                "threshold": 30184,
                "model": {
                    "type": "minecraft:model",
                    "model": "item/lata"
                }
            },
            {
                "threshold": 30185,
                "model": {
                    "type": "minecraft:model",
                    "model": "item/lata_atun"
                }
            },
            {
                "threshold": 30186,
                "model": {
                    "type": "minecraft:model",
                    "model": "item/latte"
                }
            },
            {
                "threshold": 30187,
                "model": {
                    "type": "minecraft:model",
                    "model": "item/laurel"
                }
            },
            {
                "threshold": 30188,
                "model": {
                    "type": "minecraft:model",
                    "model": "item/lavandina"
                }
            },
            {
                "threshold": 30189,
                "model": {
                    "type": "minecraft:model",
                    "model": "item/leche"
                }
            },
            {
                "threshold": 30191,
                "model": {
                    "type": "minecraft:model",
                    "model": "item/lemon"
                }
            },
            {
                "threshold": 30190,
                "model": {
                    "type": "minecraft:model",
                    "model": "item/lemon_dessert"
                }
            },
            {
                "threshold": 30192,
                "model": {
                    "type": "minecraft:model",
                    "model": "item/lemon_pie"
                }
            },
            {
                "threshold": 30193,
                "model": {
                    "type": "minecraft:model",
                    "model": "item/lemon_shot"
                }
            },
            {
                "threshold": 30194,
                "model": {
                    "type": "minecraft:model",
                    "model": "item/lemon_shot2"
                }
            },
            {
                "threshold": 30195,
                "model": {
                    "type": "minecraft:model",
                    "model": "item/lobster"
                }
            },
            {
                "threshold": 30196,
                "model": {
                    "type": "minecraft:model",
                    "model": "item/mani"
                }
            },
            {
                "threshold": 30197,
                "model": {
                    "type": "minecraft:model",
                    "model": "item/marshmallows"
                }
            },
            {
                "threshold": 30198,
                "model": {
                    "type": "minecraft:model",
                    "model": "item/mayonesa"
                }
            },
            {
                "threshold": 30199,
                "model": {
                    "type": "minecraft:model",
                    "model": "item/meat"
                }
            },
            {
                "threshold": 30200,
                "model": {
                    "type": "minecraft:model",
                    "model": "item/meat1"
                }
            },
            {
                "threshold": 30201,
                "model": {
                    "type": "minecraft:model",
                    "model": "item/meat2"
                }
            },
            {
                "threshold": 30202,
                "model": {
                    "type": "minecraft:model",
                    "model": "item/meatball"
                }
            },
            {
                "threshold": 30203,
                "model": {
                    "type": "minecraft:model",
                    "model": "item/meatloaf"
                }
            },
            {
                "threshold": 30204,
                "model": {
                    "type": "minecraft:model",
                    "model": "item/meat_appetizer"
                }
            },
            {
                "threshold": 30205,
                "model": {
                    "type": "minecraft:model",
                    "model": "item/meat_omelet"
                }
            },
            {
                "threshold": 30206,
                "model": {
                    "type": "minecraft:model",
                    "model": "item/meat_sandwich"
                }
            },
            {
                "threshold": 30207,
                "model": {
                    "type": "minecraft:model",
                    "model": "item/medialuna"
                }
            },
            {
                "threshold": 30208,
                "model": {
                    "type": "minecraft:model",
                    "model": "item/mermelada"
                }
            },
            {
                "threshold": 30209,
                "model": {
                    "type": "minecraft:model",
                    "model": "item/mexican_cake"
                }
            },
            {
                "threshold": 30210,
                "model": {
                    "type": "minecraft:model",
                    "model": "item/miel"
                }
            },
            {
                "threshold": 30211,
                "model": {
                    "type": "minecraft:model",
                    "model": "item/milanese_sandwich"
                }
            },
            {
                "threshold": 30212,
                "model": {
                    "type": "minecraft:model",
                    "model": "item/milk_bottle"
                }
            },
            {
                "threshold": 30213,
                "model": {
                    "type": "minecraft:model",
                    "model": "item/milk_chocolate"
                }
            },
            {
                "threshold": 30214,
                "model": {
                    "type": "minecraft:model",
                    "model": "item/milk_gallon"
                }
            },
            {
                "threshold": 30215,
                "model": {
                    "type": "minecraft:model",
                    "model": "item/milk_pack"
                }
            },
            {
                "threshold": 30216,
                "model": {
                    "type": "minecraft:model",
                    "model": "item/milk_plastic"
                }
            },
            {
                "threshold": 30217,
                "model": {
                    "type": "minecraft:model",
                    "model": "item/mini_cake"
                }
            },
            {
                "threshold": 30218,
                "model": {
                    "type": "minecraft:model",
                    "model": "item/mini_pizza"
                }
            },
            {
                "threshold": 30219,
                "model": {
                    "type": "minecraft:model",
                    "model": "item/mushrooms"
                }
            },
            {
                "threshold": 30220,
                "model": {
                    "type": "minecraft:model",
                    "model": "item/mushroom_white"
                }
            },
            {
                "threshold": 30221,
                "model": {
                    "type": "minecraft:model",
                    "model": "item/mushroom_white_p"
                }
            },
            {
                "threshold": 30222,
                "model": {
                    "type": "minecraft:model",
                    "model": "item/mustard"
                }
            },
            {
                "threshold": 30223,
                "model": {
                    "type": "minecraft:model",
                    "model": "item/nut"
                }
            },
            {
                "threshold": 30224,
                "model": {
                    "type": "minecraft:model",
                    "model": "item/olive_oil"
                }
            },
            {
                "threshold": 30225,
                "model": {
                    "type": "minecraft:model",
                    "model": "item/olive_salad"
                }
            },
            {
                "threshold": 30226,
                "model": {
                    "type": "minecraft:model",
                    "model": "item/omurise"
                }
            },
            {
                "threshold": 30227,
                "model": {
                    "type": "minecraft:model",
                    "model": "item/onigiri"
                }
            },
            {
                "threshold": 30228,
                "model": {
                    "type": "minecraft:model",
                    "model": "item/onion"
                }
            },
            {
                "threshold": 30230,
                "model": {
                    "type": "minecraft:model",
                    "model": "item/orange"
                }
            },
            {
                "threshold": 30229,
                "model": {
                    "type": "minecraft:model",
                    "model": "item/orange_dessert"
                }
            },
            {
                "threshold": 30231,
                "model": {
                    "type": "minecraft:model",
                    "model": "item/orange_juice"
                }
            },
            {
                "threshold": 30232,
                "model": {
                    "type": "minecraft:model",
                    "model": "item/oshizushi"
                }
            },
            {
                "threshold": 30233,
                "model": {
                    "type": "minecraft:model",
                    "model": "item/pancakes"
                }
            },
            {
                "threshold": 30234,
                "model": {
                    "type": "minecraft:model",
                    "model": "item/pan_dulce"
                }
            },
            {
                "threshold": 30235,
                "model": {
                    "type": "minecraft:model",
                    "model": "item/pea"
                }
            },
            {
                "threshold": 30236,
                "model": {
                    "type": "minecraft:model",
                    "model": "item/peach"
                }
            },
            {
                "threshold": 30237,
                "model": {
                    "type": "minecraft:model",
                    "model": "item/peach_cobbler"
                }
            },
            {
                "threshold": 30238,
                "model": {
                    "type": "minecraft:model",
                    "model": "item/peach_cobbler2"
                }
            },
            {
                "threshold": 30239,
                "model": {
                    "type": "minecraft:model",
                    "model": "item/peach_cousin"
                }
            },
            {
                "threshold": 30240,
                "model": {
                    "type": "minecraft:model",
                    "model": "item/peach_jam"
                }
            },
            {
                "threshold": 30241,
                "model": {
                    "type": "minecraft:model",
                    "model": "item/peanut_butter"
                }
            },
            {
                "threshold": 30242,
                "model": {
                    "type": "minecraft:model",
                    "model": "item/pear"
                }
            },
            {
                "threshold": 30243,
                "model": {
                    "type": "minecraft:model",
                    "model": "item/pear_dessert"
                }
            },
            {
                "threshold": 30244,
                "model": {
                    "type": "minecraft:model",
                    "model": "item/pepinos"
                }
            },
            {
                "threshold": 30245,
                "model": {
                    "type": "minecraft:model",
                    "model": "item/pepper"
                }
            },
            {
                "threshold": 30246,
                "model": {
                    "type": "minecraft:model",
                    "model": "item/pepperoni_pizza"
                }
            },
            {
                "threshold": 30247,
                "model": {
                    "type": "minecraft:model",
                    "model": "item/peppers"
                }
            },
            {
                "threshold": 30248,
                "model": {
                    "type": "minecraft:model",
                    "model": "item/pepsi"
                }
            },
            {
                "threshold": 30249,
                "model": {
                    "type": "minecraft:model",
                    "model": "item/pepsi_2"
                }
            },
            {
                "threshold": 30250,
                "model": {
                    "type": "minecraft:model",
                    "model": "item/pie"
                }
            },
            {
                "threshold": 30251,
                "model": {
                    "type": "minecraft:model",
                    "model": "item/piece_of_pizza"
                }
            },
            {
                "threshold": 30252,
                "model": {
                    "type": "minecraft:model",
                    "model": "item/pie_2"
                }
            },
            {
                "threshold": 30253,
                "model": {
                    "type": "minecraft:model",
                    "model": "item/pie_3"
                }
            },
            {
                "threshold": 30254,
                "model": {
                    "type": "minecraft:model",
                    "model": "item/pig_foot"
                }
            },
            {
                "threshold": 30255,
                "model": {
                    "type": "minecraft:model",
                    "model": "item/pig_head"
                }
            },
            {
                "threshold": 30256,
                "model": {
                    "type": "minecraft:model",
                    "model": "item/pineapple"
                }
            },
            {
                "threshold": 30257,
                "model": {
                    "type": "minecraft:model",
                    "model": "item/pink_chewing_gum"
                }
            },
            {
                "threshold": 30258,
                "model": {
                    "type": "minecraft:model",
                    "model": "item/pink_watermelon"
                }
            },
            {
                "threshold": 30259,
                "model": {
                    "type": "minecraft:model",
                    "model": "item/pizza"
                }
            },
            {
                "threshold": 30260,
                "model": {
                    "type": "minecraft:model",
                    "model": "item/pizza_with_arugula"
                }
            },
            {
                "threshold": 30261,
                "model": {
                    "type": "minecraft:model",
                    "model": "item/pizza_with_cream"
                }
            },
            {
                "threshold": 30262,
                "model": {
                    "type": "minecraft:model",
                    "model": "item/pizza_with_olives"
                }
            },
            {
                "threshold": 30263,
                "model": {
                    "type": "minecraft:model",
                    "model": "item/plain_yogurt"
                }
            },
            {
                "threshold": 30264,
                "model": {
                    "type": "minecraft:model",
                    "model": "item/pope_pumps"
                }
            },
            {
                "threshold": 30265,
                "model": {
                    "type": "minecraft:model",
                    "model": "item/pork_meat"
                }
            },
            {
                "threshold": 30266,
                "model": {
                    "type": "minecraft:model",
                    "model": "item/pork_rib"
                }
            },
            {
                "threshold": 30267,
                "model": {
                    "type": "minecraft:model",
                    "model": "item/potato"
                }
            },
            {
                "threshold": 30268,
                "model": {
                    "type": "minecraft:model",
                    "model": "item/potatochip_blue"
                }
            },
            {
                "threshold": 30269,
                "model": {
                    "type": "minecraft:model",
                    "model": "item/potatochip_green"
                }
            },
            {
                "threshold": 30270,
                "model": {
                    "type": "minecraft:model",
                    "model": "item/potatochip_yellow"
                }
            },
            {
                "threshold": 30271,
                "model": {
                    "type": "minecraft:model",
                    "model": "item/potato_cake"
                }
            },
            {
                "threshold": 30272,
                "model": {
                    "type": "minecraft:model",
                    "model": "item/potato_chips"
                }
            },
            {
                "threshold": 30273,
                "model": {
                    "type": "minecraft:model",
                    "model": "item/potato_p"
                }
            },
            {
                "threshold": 30274,
                "model": {
                    "type": "minecraft:model",
                    "model": "item/prawn_skewer"
                }
            },
            {
                "threshold": 30275,
                "model": {
                    "type": "minecraft:model",
                    "model": "item/premium_pepper"
                }
            },
            {
                "threshold": 30276,
                "model": {
                    "type": "minecraft:model",
                    "model": "item/premium_pizza"
                }
            },
            {
                "threshold": 30277,
                "model": {
                    "type": "minecraft:model",
                    "model": "item/premium_shake"
                }
            },
            {
                "threshold": 30278,
                "model": {
                    "type": "minecraft:model",
                    "model": "item/pretzel"
                }
            },
            {
                "threshold": 30279,
                "model": {
                    "type": "minecraft:model",
                    "model": "item/pretzel2"
                }
            },
            {
                "threshold": 30280,
                "model": {
                    "type": "minecraft:model",
                    "model": "item/pumpkin_cake"
                }
            },
            {
                "threshold": 30281,
                "model": {
                    "type": "minecraft:model",
                    "model": "item/pure"
                }
            },
            {
                "threshold": 30282,
                "model": {
                    "type": "minecraft:model",
                    "model": "item/purple_fish"
                }
            },
            {
                "threshold": 30283,
                "model": {
                    "type": "minecraft:model",
                    "model": "item/radioactive_icecream"
                }
            },
            {
                "threshold": 30284,
                "model": {
                    "type": "minecraft:model",
                    "model": "item/ramen"
                }
            },
            {
                "threshold": 30285,
                "model": {
                    "type": "minecraft:model",
                    "model": "item/ramen2"
                }
            },
            {
                "threshold": 30286,
                "model": {
                    "type": "minecraft:model",
                    "model": "item/red_apple"
                }
            },
            {
                "threshold": 30287,
                "model": {
                    "type": "minecraft:model",
                    "model": "item/red_apple_p"
                }
            },
            {
                "threshold": 30288,
                "model": {
                    "type": "minecraft:model",
                    "model": "item/red_cake"
                }
            },
            {
                "threshold": 30289,
                "model": {
                    "type": "minecraft:model",
                    "model": "item/red_grape"
                }
            },
            {
                "threshold": 30290,
                "model": {
                    "type": "minecraft:model",
                    "model": "item/red_grape_p"
                }
            },
            {
                "threshold": 30291,
                "model": {
                    "type": "minecraft:model",
                    "model": "item/red_pepper"
                }
            },
            {
                "threshold": 30292,
                "model": {
                    "type": "minecraft:model",
                    "model": "item/regular_bell_epper"
                }
            },
            {
                "threshold": 30293,
                "model": {
                    "type": "minecraft:model",
                    "model": "item/regular_burger"
                }
            },
            {
                "threshold": 30294,
                "model": {
                    "type": "minecraft:model",
                    "model": "item/regular_pizza"
                }
            },
            {
                "threshold": 30295,
                "model": {
                    "type": "minecraft:model",
                    "model": "item/rice_bowl"
                }
            },
            {
                "threshold": 30296,
                "model": {
                    "type": "minecraft:model",
                    "model": "item/ripe_peach"
                }
            },
            {
                "threshold": 30297,
                "model": {
                    "type": "minecraft:model",
                    "model": "item/roasted_carrot"
                }
            },
            {
                "threshold": 30298,
                "model": {
                    "type": "minecraft:model",
                    "model": "item/roasted_chicken"
                }
            },
            {
                "threshold": 30299,
                "model": {
                    "type": "minecraft:model",
                    "model": "item/rockets_cake"
                }
            },
            {
                "threshold": 30300,
                "model": {
                    "type": "minecraft:model",
                    "model": "item/salad_bowl"
                }
            },
            {
                "threshold": 30301,
                "model": {
                    "type": "minecraft:model",
                    "model": "item/salmon"
                }
            },
            {
                "threshold": 30302,
                "model": {
                    "type": "minecraft:model",
                    "model": "item/salsa"
                }
            },
            {
                "threshold": 30303,
                "model": {
                    "type": "minecraft:model",
                    "model": "item/salt"
                }
            },
            {
                "threshold": 30304,
                "model": {
                    "type": "minecraft:model",
                    "model": "item/sandwich"
                }
            },
            {
                "threshold": 30305,
                "model": {
                    "type": "minecraft:model",
                    "model": "item/sashimi"
                }
            },
            {
                "threshold": 30306,
                "model": {
                    "type": "minecraft:model",
                    "model": "item/sausage_p"
                }
            },
            {
                "threshold": 30307,
                "model": {
                    "type": "minecraft:model",
                    "model": "item/scrambled_eggs"
                }
            },
            {
                "threshold": 30308,
                "model": {
                    "type": "minecraft:model",
                    "model": "item/seashell"
                }
            },
            {
                "threshold": 30309,
                "model": {
                    "type": "minecraft:model",
                    "model": "item/shrimp"
                }
            },
            {
                "threshold": 30310,
                "model": {
                    "type": "minecraft:model",
                    "model": "item/snack1"
                }
            },
            {
                "threshold": 30311,
                "model": {
                    "type": "minecraft:model",
                    "model": "item/snack2"
                }
            },
            {
                "threshold": 30312,
                "model": {
                    "type": "minecraft:model",
                    "model": "item/soft_drink_blue"
                }
            },
            {
                "threshold": 30313,
                "model": {
                    "type": "minecraft:model",
                    "model": "item/soft_drink_green"
                }
            },
            {
                "threshold": 30314,
                "model": {
                    "type": "minecraft:model",
                    "model": "item/soft_drink_red"
                }
            },
            {
                "threshold": 30315,
                "model": {
                    "type": "minecraft:model",
                    "model": "item/soft_drink_yellow"
                }
            },
            {
                "threshold": 30316,
                "model": {
                    "type": "minecraft:model",
                    "model": "item/soup"
                }
            },
            {
                "threshold": 30317,
                "model": {
                    "type": "minecraft:model",
                    "model": "item/spam"
                }
            },
            {
                "threshold": 30318,
                "model": {
                    "type": "minecraft:model",
                    "model": "item/split_pizza"
                }
            },
            {
                "threshold": 30319,
                "model": {
                    "type": "minecraft:model",
                    "model": "item/sprite"
                }
            },
            {
                "threshold": 30320,
                "model": {
                    "type": "minecraft:model",
                    "model": "item/squid_shell"
                }
            },
            {
                "threshold": 30321,
                "model": {
                    "type": "minecraft:model",
                    "model": "item/steak"
                }
            },
            {
                "threshold": 30322,
                "model": {
                    "type": "minecraft:model",
                    "model": "item/stick_ice_cream"
                }
            },
            {
                "threshold": 30323,
                "model": {
                    "type": "minecraft:model",
                    "model": "item/strawberry"
                }
            },
            {
                "threshold": 30324,
                "model": {
                    "type": "minecraft:model",
                    "model": "item/strawberry2"
                }
            },
            {
                "threshold": 30325,
                "model": {
                    "type": "minecraft:model",
                    "model": "item/strawberry_ice_cream"
                }
            },
            {
                "threshold": 30326,
                "model": {
                    "type": "minecraft:model",
                    "model": "item/strawberry_jam"
                }
            },
            {
                "threshold": 30327,
                "model": {
                    "type": "minecraft:model",
                    "model": "item/strawberry_juice"
                }
            },
            {
                "threshold": 30328,
                "model": {
                    "type": "minecraft:model",
                    "model": "item/strawberry_p"
                }
            },
            {
                "threshold": 30329,
                "model": {
                    "type": "minecraft:model",
                    "model": "item/strawberry_smoothie"
                }
            },
            {
                "threshold": 30330,
                "model": {
                    "type": "minecraft:model",
                    "model": "item/strawberry_syrup"
                }
            },
            {
                "threshold": 30331,
                "model": {
                    "type": "minecraft:model",
                    "model": "item/sugar"
                }
            },
            {
                "threshold": 30332,
                "model": {
                    "type": "minecraft:model",
                    "model": "item/sundae"
                }
            },
            {
                "threshold": 30333,
                "model": {
                    "type": "minecraft:model",
                    "model": "item/sushi"
                }
            },
            {
                "threshold": 30334,
                "model": {
                    "type": "minecraft:model",
                    "model": "item/sushi_rolls"
                }
            },
            {
                "threshold": 30335,
                "model": {
                    "type": "minecraft:model",
                    "model": "item/sweet"
                }
            },
            {
                "threshold": 30336,
                "model": {
                    "type": "minecraft:model",
                    "model": "item/sweet2"
                }
            },
            {
                "threshold": 30337,
                "model": {
                    "type": "minecraft:model",
                    "model": "item/taco"
                }
            },
            {
                "threshold": 30338,
                "model": {
                    "type": "minecraft:model",
                    "model": "item/taco_2"
                }
            },
            {
                "threshold": 30339,
                "model": {
                    "type": "minecraft:model",
                    "model": "item/tea_cup"
                }
            },
            {
                "threshold": 30340,
                "model": {
                    "type": "minecraft:model",
                    "model": "item/tentacle"
                }
            },
            {
                "threshold": 30341,
                "model": {
                    "type": "minecraft:model",
                    "model": "item/toast"
                }
            },
            {
                "threshold": 30342,
                "model": {
                    "type": "minecraft:model",
                    "model": "item/toasted_pizza"
                }
            },
            {
                "threshold": 30343,
                "model": {
                    "type": "minecraft:model",
                    "model": "item/toasts_with_cheese"
                }
            },
            {
                "threshold": 30344,
                "model": {
                    "type": "minecraft:model",
                    "model": "item/tofu"
                }
            },
            {
                "threshold": 30345,
                "model": {
                    "type": "minecraft:model",
                    "model": "item/tomato"
                }
            },
            {
                "threshold": 30346,
                "model": {
                    "type": "minecraft:model",
                    "model": "item/tomato3"
                }
            },
            {
                "threshold": 30347,
                "model": {
                    "type": "minecraft:model",
                    "model": "item/tomato_and_cheese_pizza"
                }
            },
            {
                "threshold": 30348,
                "model": {
                    "type": "minecraft:model",
                    "model": "item/tomato_omelet"
                }
            },
            {
                "threshold": 30349,
                "model": {
                    "type": "minecraft:model",
                    "model": "item/tomato_pizza"
                }
            },
            {
                "threshold": 30350,
                "model": {
                    "type": "minecraft:model",
                    "model": "item/toothbrush_set"
                }
            },
            {
                "threshold": 30351,
                "model": {
                    "type": "minecraft:model",
                    "model": "item/tuna_can"
                }
            },
            {
                "threshold": 30352,
                "model": {
                    "type": "minecraft:model",
                    "model": "item/turnip"
                }
            },
            {
                "threshold": 30353,
                "model": {
                    "type": "minecraft:model",
                    "model": "item/uramaki"
                }
            },
            {
                "threshold": 30354,
                "model": {
                    "type": "minecraft:model",
                    "model": "item/vanilla_or_lemon_ice_cream"
                }
            },
            {
                "threshold": 30355,
                "model": {
                    "type": "minecraft:model",
                    "model": "item/vegetable_soup"
                }
            },
            {
                "threshold": 30356,
                "model": {
                    "type": "minecraft:model",
                    "model": "item/vlan"
                }
            },
            {
                "threshold": 30357,
                "model": {
                    "type": "minecraft:model",
                    "model": "item/waffles"
                }
            },
            {
                "threshold": 30358,
                "model": {
                    "type": "minecraft:model",
                    "model": "item/waffles_2"
                }
            },
            {
                "threshold": 30359,
                "model": {
                    "type": "minecraft:model",
                    "model": "item/water"
                }
            },
            {
                "threshold": 30360,
                "model": {
                    "type": "minecraft:model",
                    "model": "item/watermelon"
                }
            },
            {
                "threshold": 30361,
                "model": {
                    "type": "minecraft:model",
                    "model": "item/watermelon1"
                }
            },
            {
                "threshold": 30362,
                "model": {
                    "type": "minecraft:model",
                    "model": "item/watermelon2"
                }
            },
            {
                "threshold": 30363,
                "model": {
                    "type": "minecraft:model",
                    "model": "item/watermelon_dessert"
                }
            },
            {
                "threshold": 30364,
                "model": {
                    "type": "minecraft:model",
                    "model": "item/whiskey"
                }
            },
            {
                "threshold": 30365,
                "model": {
                    "type": "minecraft:model",
                    "model": "item/whisk_p"
                }
            },
            {
                "threshold": 30366,
                "model": {
                    "type": "minecraft:model",
                    "model": "item/white_cheese"
                }
            },
            {
                "threshold": 30367,
                "model": {
                    "type": "minecraft:model",
                    "model": "item/white_cheese_p"
                }
            },
            {
                "threshold": 30368,
                "model": {
                    "type": "minecraft:model",
                    "model": "item/white_cheese_piece"
                }
            },
            {
                "threshold": 30369,
                "model": {
                    "type": "minecraft:model",
                    "model": "item/white_cheese_piece_p"
                }
            },
            {
                "threshold": 30370,
                "model": {
                    "type": "minecraft:model",
                    "model": "item/wine_red"
                }
            },
            {
                "threshold": 30371,
                "model": {
                    "type": "minecraft:model",
                    "model": "item/wine_white"
                }
            },
            {
                "threshold": 30372,
                "model": {
                    "type": "minecraft:model",
                    "model": "item/wine_white2"
                }
            },
            {
                "threshold": 30373,
                "model": {
                    "type": "minecraft:model",
                    "model": "item/wine_white3"
                }
            }
        ]
    }
}