{
  "model": {
    "type": "select",
    "property": "custom_model_data",
    "fallback": {
      "type": "model",
      "model": "item/paper"
    },
    "cases": [
      {
        "when": "1_yen",
        "model": {
          "type": "model",
          "model": "item/1_yen"
        }
      },
      {
        "when": "10_yen",
        "model": {
          "type": "model",
          "model": "item/10_yen"
        }
      },
      {
        "when": "100_yen",
        "model": {
          "type": "model",
          "model": "item/100_yen"
        }
      },
      {
        "when": "1000_yen",
        "model": {
          "type": "model",
          "model": "item/1000_yen"
        }
      },
      {
        "when": "10000_yen",
        "model": {
          "type": "model",
          "model": "item/10000_yen"
        }
      },
      {
        "when": "100000_yen",
        "model": {
          "type": "model",
          "model": "item/100000_yen"
        }
      },
      {
        "when": "1000000_yen",
        "model": {
          "type": "model",
          "model": "item/1000000_yen"
        }
      }
    ]
  }
}