{
  "parent": "item/generated",
  "textures": {
    "layer0": "item/paper"
  },
  "overrides": [
    {"predicate": {"custom_model_data": 1001}, "model": "item/10_yen"},
    {"predicate": {"custom_model_data": 1002}, "model": "item/100_yen"},
    {"predicate": {"custom_model_data": 1003}, "model": "item/1000_yen"},
    {"predicate": {"custom_model_data": 1004}, "model": "item/10000_yen"},
    {"predicate": {"custom_model_data": 1005}, "model": "item/100000_yen"},
    {"predicate": {"custom_model_data": 1006}, "model": "item/1000000_yen"}
  ]
}